  staff_name,      Designated Position,  Age,  Year Joined   
  Baron Chibuikem   Python Web            30     2019   
  Priye Andy        Python Data           40     2019   
  Ugo C             IT support            23     2020   
  Pelumi Osande     Devops                14     2020   
  Jessica olande    Project Manager       56     2020  
  Baron Chibuikem   Python Web            30     2019   
  Priye Andy        Python Data           40     2019   
  Ugo C             IT support            23     2020   
  Pelumi Osande     Devops                14     2020   
  Jessica olande    Project Manager       56     2020       
  Baron Chibuikem   Python Web            30     2019   
  Priye Andy        Python Data           40     2019   
  Ugo C             IT support            23     2020   
  Pelumi Osande     Devops                14     2020   
  Jessica olande    Project Manager       56     2020       
  Baron Chibuikem   Python Web            30     2019   
  Priye Andy        Python Data           40     2019   
  Ugo C             IT support            23     2020   
  Pelumi Osande     Devops                14     2020   
  Jessica olande    Project Manager       56     2020       
  Baron Chibuikem   Python Web            30     2019   
  Priye Andy        Python Data           40     2019   
  Ugo C             IT support            23     2020   
  Pelumi Osande     Devops                14     2020   
  Jessica olande    Project Manager       56     2020       
  Baron Chibuikem   Python Web            30     2019   
  Priye Andy        Python Data           40     2019   
  Ugo C             IT support            23     2020   
  Pelumi Osande     Devops                14     2020   
  Jessica olande    Project Manager       56     2020       
  Baron Chibuikem   Python Web            30     2019   
  Priye Andy        Python Data           40     2019   
  Ugo C             IT support            23     2020   
  Pelumi Osande     Devops                14     2020   
  Jessica olande    Project Manager       56     2020       
  Baron Chibuikem   Python Web            30     2019   
  Priye Andy        Python Data           40     2019   
  Ugo C             IT support            23     2020   
  Pelumi Osande     Devops                14     2020   
  Jessica olande    Project Manager       56     2020       
  Baron Chibuikem   Python Web            30     2019   
  Priye Andy        Python Data           40     2019   
  Ugo C             IT support            23     2020   
  Pelumi Osande     Devops                14     2020   
  Jessica olande    Project Manager       56     2020       
  Baron Chibuikem   Python Web            30     2019   
  Priye Andy        Python Data           40     2019   
  Ugo C             IT support            23     2020   
  Pelumi Osande     Devops                14     2020   
  Jessica olande    Project Manager       56     2020       
  Baron Chibuikem   Python Web            30     2019   
  Priye Andy        Python Data           40     2019   
  Ugo C             IT support            23     2020   
  Pelumi Osande     Devops                14     2020   
  Jessica olande    Project Manager       56     2020       
  Baron Chibuikem   Python Web            30     2019   
  Priye Andy        Python Data           40     2019   
  Ugo C             IT support            23     2020   
  Pelumi Osande     Devops                14     2020   
  Jessica olande    Project Manager       56     2020       
  Baron Chibuikem   Python Web            30     2019   
  Priye Andy        Python Data           40     2019   
  Ugo C             IT support            23     2020   
  Pelumi Osande     Devops                14     2020   
  Jessica olande    Project Manager       56     2020       
  Baron Chibuikem   Python Web            30     2019   
  Priye Andy        Python Data           40     2019   
  Ugo C             IT support            23     2020   
  Pelumi Osande     Devops                14     2020   
  Jessica olande    Project Manager       56     2020       
  Baron Chibuikem   Python Web            30     2019   
  Priye Andy        Python Data           40     2019   
  Ugo C             IT support            23     2020   
  Pelumi Osande     Devops                14     2020   
  Jessica olande    Project Manager       56     2020       
  Baron Chibuikem   Python Web            30     2019   
  Priye Andy        Python Data           40     2019   
  Ugo C             IT support            23     2020   
  Pelumi Osande     Devops                14     2020   
  Jessica olande    Project Manager       56     2020       
  Baron Chibuikem   Python Web            30     2019   
  Priye Andy        Python Data           40     2019   
  Ugo C             IT support            23     2020   
  Pelumi Osande     Devops                14     2020   
  Jessica olande    Project Manager       56     2020       
  Baron Chibuikem   Python Web            30     2019   
  Priye Andy        Python Data           40     2019   
  Ugo C             IT support            23     2020   
  Pelumi Osande     Devops                14     2020   
  Jessica olande    Project Manager       56     2020       
  Baron Chibuikem   Python Web            30     2019   
  Priye Andy        Python Data           40     2019   
  Ugo C             IT support            23     2020   
  Pelumi Osande     Devops                14     2020   
  Jessica olande    Project Manager       56     2020       
  Baron Chibuikem   Python Web            30     2019   
  Priye Andy        Python Data           40     2019   
  Ugo C             IT support            23     2020   
  Pelumi Osande     Devops                14     2020    