fname,lname,contact,adresss
Muhammad,Adil,444677232232,karachi
Muhammad,Adil,444677232232,karachi
Muhammad,Adil,444677232232,karachi
Muhammad,Adil,444677232232,karachi
Muhammad,Adil,444677232232,karachi
Muhammad,Adil,444677232232,karachi
Muhammad,Adil,444677232232,karachi
Muhammad,Adil,444677232232,karachi
Muhammad,Adil,444677232232,karachi
Muhammad,Adil,444677232232,karachi
Muhammad,Adil,444677232232,karachi
Muhammad,Adil,444677232232,karachi
Muhammad,Adil,444677232232,karachi
Muhammad,Adil,444677232232,karachi
Muhammad,Adil,444677232232,karachi
Muhammad,Adil,444677232232,karachi
Muhammad,Adil,444677232232,karachi
Muhammad,Adil,444677232232,karachi
Muhammad,Adil,444677232232,karachi
Muhammad,Adil,444677232232,karachi
Muhammad,Adil,444677232232,karachi
Muhammad,Adil,444677232232,karachi
Muhammad,Adil,444677232232,karachi
Muhammad,Adil,444677232232,karachi
Muhammad,Adil,444677232232,karachi
Muhammad,Adil,444677232232,karachi
Muhammad,Adil,444677232232,karachi
Muhammad,Adil,444677232232,karachi
Muhammad,Adil,444677232232,karachi
